{
  "plans": [
    {
      "name": "Beryl",
      "color": "#B9BD9F",
      "benefits": [
        {
          "label": "Staking Requirement",
          "value": "100 KSS"
        },
        {
          "label": "Staking Length Required",
          "value": "Hold through announced Kross-shots (snapshots)"
        },
        {
          "label": "Whitelist Requirement Twitter",
          "value": "Follow, Like, Retweet and Hashtags"
        },
        {
          "label": "Whitelist Requirement Hashgreed",
          "value": "Perform a certification task or bid on an NFT"
        },
        {
          "label": "Guaranteed Allocation",
          "value": "$10"
        }
      ]
    },
    {
      "name": "Sapphire",
      "color": "#0f52ba",
      "benefits": [
        {
          "label": "Staking Requirement",
          "value": "300 KSS"
        },
        {
          "label": "Staking Length Required",
          "value": "Hold through announced Kross-shots (snapshots)"
        },
        {
          "label": "Whitelist Requirement Twitter",
          "value": "Follow, Like, Retweet and Hashtags"
        },
        {
          "label": "Whitelist Requirement Hashgreed",
          "value": "Perform a certification task or bid on an NFT"
        },
        {
          "label": "Guaranteed Allocation",
          "value": "$30"
        }
      ]
    },
    {
      "name": "Bronze ",
      "color": "#cd7f32",
      "benefits": [
        {
          "label": "Staking Requirement",
          "value": "500 KSS"
        },
        {
          "label": "Staking Length Required",
          "value": "Hold through announced Kross-shots (snapshots)"
        },
        {
          "label": "Whitelist Requirement Twitter",
          "value": "Follow, Like, Retweet and Hashtags"
        },
        {
          "label": "Whitelist Requirement Hashgreed",
          "value": "Perform a certification task or bid on an NFT"
        },
        {
          "label": "Guaranteed Allocation",
          "value": "$50"
        }
      ]
    },
    {
      "name": "Silver",
      "color": "#D3D3D3",
      "benefits": [
        {
          "label": "Staking Requirement",
          "value": "1000 KSS"
        },
        {
          "label": "Staking Length Required",
          "value": "Hold through announced Kross-shots (snapshots)"
        },
        {
          "label": "Whitelist Requirement Twitter",
          "value": "Follow, Like, Retweet and Hashtags"
        },
        {
          "label": "Whitelist Requirement Hashgreed",
          "value": "Perform a certification task or bid on an NFT"
        },
        {
          "label": "Guaranteed Allocation",
          "value": "$100"
        }
      ]
    },
    {
      "name": "Gold",
      "color": "#FFD700",
      "benefits": [
        {
          "label": "Staking Requirement",
          "value": "5000 KSS"
        },
        {
          "label": "Staking Length Required",
          "value": "Hold through announced Kross-shots (snapshots)"
        },
        {
          "label": "Whitelist Requirement Twitter",
          "value": "Follow, Like, Retweet and Hashtags"
        },
        {
          "label": "Whitelist Requirement Hashgreed",
          "value": "Perform a certification task or bid on an NFT"
        },
        {
          "label": "Guaranteed Allocation",
          "value": "$500"
        }
      ]
    },
    {
      "name": "Platinum",
      "color": "#e5e4e2",
      "benefits": [
        {
          "label": "Staking Requirement",
          "value": "10,000 KSS"
        },
        {
          "label": "Staking Length Required",
          "value": "Hold through announced Kross-shots (snapshots)"
        },
        {
          "label": "Whitelist Requirement Twitter",
          "value": "Follow, Like, Retweet and Hashtags"
        },
        {
          "label": "Whitelist Requirement Hashgreed",
          "value": "Perform a certification task or bid on an NFT"
        },
        {
          "label": "Guaranteed Allocation",
          "value": "$1000"
        }
      ]
    }
  ],
  "socials": [
    {
      "icon": "assets/icons/linkedin.svg",
      "url": "#"
    },
    {
      "icon": "assets/icons/twitter.svg",
      "url": "#"
    },
    {
      "icon": "assets/icons/telegram.svg",
      "url": "#"
    },
    {
      "icon": "assets/icons/drible.svg",
      "url": "#"
    }
  ],
  "soonProjects": [
    {
      "name": "HASH POD",
      "socials": [
        {
          "icon": "assets/icons/linkedin.svg",
          "url": "#"
        },
        {
          "icon": "assets/icons/twitter.svg",
          "url": "#"
        },
        {
          "icon": "assets/icons/telegram.svg",
          "url": "#"
        },
        {
          "icon": "assets/icons/drible.svg",
          "url": "#"
        }
      ],
      "status": {
        "label": "Open in TBA"
      },
      "description": "Decentralized on demand martketing dApp",
      "url": "#",
      "swapRate": "TBA",
      "cap": "TBA",
      "access": "Private",
      "progress": 75
    },
    {
      "name": "HASH POD",
      "socials": [
        {
          "icon": "assets/icons/linkedin.svg",
          "url": "#"
        },
        {
          "icon": "assets/icons/twitter.svg",
          "url": "#"
        },
        {
          "icon": "assets/icons/telegram.svg",
          "url": "#"
        },
        {
          "icon": "assets/icons/drible.svg",
          "url": "#"
        }
      ],
      "status": {
        "label": "Open in TBA"
      },
      "description": "Decentralized on demand martketing dApp",
      "url": "#",
      "swapRate": "TBA",
      "cap": "TBA",
      "access": "Private",
      "progress": 75
    },
    {
      "name": "HASH POD",
      "socials": [
        {
          "icon": "assets/icons/linkedin.svg",
          "url": "#"
        },
        {
          "icon": "assets/icons/twitter.svg",
          "url": "#"
        },
        {
          "icon": "assets/icons/telegram.svg",
          "url": "#"
        },
        {
          "icon": "assets/icons/drible.svg",
          "url": "#"
        }
      ],
      "status": {
        "label": "Open in TBA"
      },
      "description": "Decentralized on demand martketing dApp",
      "url": "#",
      "swapRate": "TBA",
      "cap": "TBA",
      "access": "Private",
      "progress": 75
    },
    {
      "name": "HASH POD",
      "socials": [
        {
          "icon": "assets/icons/linkedin.svg",
          "url": "#"
        },
        {
          "icon": "assets/icons/twitter.svg",
          "url": "#"
        },
        {
          "icon": "assets/icons/telegram.svg",
          "url": "#"
        },
        {
          "icon": "assets/icons/drible.svg",
          "url": "#"
        }
      ],
      "status": {
        "label": "Open in TBA"
      },
      "description": "Decentralized on demand martketing dApp",
      "url": "#",
      "swapRate": "TBA",
      "cap": "TBA",
      "access": "Private",
      "progress": 75
    }
  ],
  "openProjects": [
    {
      "name": "HASH POD",
      "socials": [
        {
          "icon": "assets/icons/linkedin.svg",
          "url": "#"
        },
        {
          "icon": "assets/icons/twitter.svg",
          "url": "#"
        },
        {
          "icon": "assets/icons/telegram.svg",
          "url": "#"
        },
        {
          "icon": "assets/icons/drible.svg",
          "url": "#"
        }
      ],
      "status": {
        "label": "Open",
        "theme": "success"
      },
      "description": "Decentralized on demand martketing dApp",
      "url": "#",
      "swapRate": "1 BUSD = 92.0034 HAS",
      "cap": "18,902",
      "access": "Private",
      "participants": "45,023"
    },
    {
      "name": "HASH POD",
      "socials": [
        {
          "icon": "assets/icons/linkedin.svg",
          "url": "#"
        },
        {
          "icon": "assets/icons/twitter.svg",
          "url": "#"
        },
        {
          "icon": "assets/icons/telegram.svg",
          "url": "#"
        },
        {
          "icon": "assets/icons/drible.svg",
          "url": "#"
        }
      ],
      "status": {
        "label": "Open",
        "theme": "success"
      },
      "description": "Decentralized on demand martketing dApp",
      "url": "#",
      "swapRate": "1 BUSD = 92.0034 HAS",
      "cap": "18,902",
      "access": "Private",
      "participants": "45,023"
    },
    {
      "name": "HASH POD",
      "socials": [
        {
          "icon": "assets/icons/linkedin.svg",
          "url": "#"
        },
        {
          "icon": "assets/icons/twitter.svg",
          "url": "#"
        },
        {
          "icon": "assets/icons/telegram.svg",
          "url": "#"
        },
        {
          "icon": "assets/icons/drible.svg",
          "url": "#"
        }
      ],
      "status": {
        "label": "Open",
        "theme": "success"
      },
      "description": "Decentralized on demand martketing dApp",
      "url": "#",
      "swapRate": "1 BUSD = 92.0034 HAS",
      "cap": "18,902",
      "access": "Private",
      "participants": "45,023"
    },
    {
      "name": "HASH POD",
      "socials": [
        {
          "icon": "assets/icons/linkedin.svg",
          "url": "#"
        },
        {
          "icon": "assets/icons/twitter.svg",
          "url": "#"
        },
        {
          "icon": "assets/icons/telegram.svg",
          "url": "#"
        },
        {
          "icon": "assets/icons/drible.svg",
          "url": "#"
        }
      ],
      "status": {
        "label": "Open",
        "theme": "success"
      },
      "description": "Decentralized on demand martketing dApp",
      "url": "#",
      "swapRate": "1 BUSD = 92.0034 HAS",
      "cap": "18,902",
      "access": "Private",
      "participants": "45,023"
    }
  ],
  "openProjects2": [
    {
      "name": "HASH POD",
      "socials": [
        {
          "icon": "assets/icons/linkedin.svg",
          "url": "#"
        },
        {
          "icon": "assets/icons/twitter.svg",
          "url": "#"
        },
        {
          "icon": "assets/icons/telegram.svg",
          "url": "#"
        },
        {
          "icon": "assets/icons/drible.svg",
          "url": "#"
        }
      ],
      "status": {
        "label": "Open",
        "theme": "success"
      },
      "description": "Decentralized on demand martketing dApp",
      "url": "#",
      "params": [
        {
          "label": "Your Balance",
          "value": "912.0034 BUSD"
        },
        {
          "label": "Your Approved Amount",
          "value": "18.9029"
        },
        {
          "label": "Your Tier",
          "value": "Silver"
        },
        {
          "label": "Allocation Round Closes in",
          "value": "1d 2h 30m 40s"
        },
        {
          "label": "Swapped",
          "value": "18.9029 BUSD"
        },
        {
          "label": "Remaining Allocation",
          "value": "0.0000 BUSD"
        },
        {
          "label": "Allocation Round",
          "value": "45,023 Participants"
        }
      ]
    },
    {
      "name": "HASH POD",
      "socials": [
        {
          "icon": "assets/icons/linkedin.svg",
          "url": "#"
        },
        {
          "icon": "assets/icons/twitter.svg",
          "url": "#"
        },
        {
          "icon": "assets/icons/telegram.svg",
          "url": "#"
        },
        {
          "icon": "assets/icons/drible.svg",
          "url": "#"
        }
      ],
      "status": {
        "label": "Open",
        "theme": "success"
      },
      "description": "Decentralized on demand martketing dApp",
      "url": "#",
      "params": [
        {
          "label": "Your Balance",
          "value": "912.0034 BUSD"
        },
        {
          "label": "Your Approved Amount",
          "value": "18.9029"
        },
        {
          "label": "Your Tier",
          "value": "Silver"
        },
        {
          "label": "Allocation Round Closes in",
          "value": "1d 2h 30m 40s"
        },
        {
          "label": "Swapped",
          "value": "18.9029 BUSD"
        },
        {
          "label": "Remaining Allocation",
          "value": "0.0000 BUSD"
        },
        {
          "label": "Allocation Round",
          "value": "45,023 Participants"
        }
      ]
    },
    {
      "name": "HASH POD",
      "socials": [
        {
          "icon": "assets/icons/linkedin.svg",
          "url": "#"
        },
        {
          "icon": "assets/icons/twitter.svg",
          "url": "#"
        },
        {
          "icon": "assets/icons/telegram.svg",
          "url": "#"
        },
        {
          "icon": "assets/icons/drible.svg",
          "url": "#"
        }
      ],
      "status": {
        "label": "Open",
        "theme": "success"
      },
      "description": "Decentralized on demand martketing dApp",
      "url": "#",
      "params": [
        {
          "label": "Your Balance",
          "value": "912.0034 BUSD"
        },
        {
          "label": "Your Approved Amount",
          "value": "18.9029"
        },
        {
          "label": "Your Tier",
          "value": "Silver"
        },
        {
          "label": "Allocation Round Closes in",
          "value": "1d 2h 30m 40s"
        },
        {
          "label": "Swapped",
          "value": "18.9029 BUSD"
        },
        {
          "label": "Remaining Allocation",
          "value": "0.0000 BUSD"
        },
        {
          "label": "Allocation Round",
          "value": "45,023 Participants"
        }
      ]
    },
    {
      "name": "HASH POD",
      "socials": [
        {
          "icon": "assets/icons/linkedin.svg",
          "url": "#"
        },
        {
          "icon": "assets/icons/twitter.svg",
          "url": "#"
        },
        {
          "icon": "assets/icons/telegram.svg",
          "url": "#"
        },
        {
          "icon": "assets/icons/drible.svg",
          "url": "#"
        }
      ],
      "status": {
        "label": "Open",
        "theme": "success"
      },
      "description": "Decentralized on demand martketing dApp",
      "url": "#",
      "params": [
        {
          "label": "Your Balance",
          "value": "912.0034 BUSD"
        },
        {
          "label": "Your Approved Amount",
          "value": "18.9029"
        },
        {
          "label": "Your Tier",
          "value": "Silver"
        },
        {
          "label": "Allocation Round Closes in",
          "value": "1d 2h 30m 40s"
        },
        {
          "label": "Swapped",
          "value": "18.9029 BUSD"
        },
        {
          "label": "Remaining Allocation",
          "value": "0.0000 BUSD"
        },
        {
          "label": "Allocation Round",
          "value": "45,023 Participants"
        }
      ]
    }
  ],
  "closedProjects": [
    {
      "name": "HASH POD",
      "socials": [
        {
          "icon": "assets/icons/linkedin.svg",
          "url": "#"
        },
        {
          "icon": "assets/icons/twitter.svg",
          "url": "#"
        },
        {
          "icon": "assets/icons/telegram.svg",
          "url": "#"
        },
        {
          "icon": "assets/icons/drible.svg",
          "url": "#"
        }
      ],
      "status": {
        "label": "Closed",
        "theme": "danger"
      },
      "description": "Decentralized on demand martketing dApp",
      "url": "#",
      "swapRate": "1 BUSD = 35.8384 HAS",
      "cap": "90,834,834",
      "access": "Private",
      "progress": 100,
      "participants": "93,093"
    },
    {
      "name": "HASH POD",
      "socials": [
        {
          "icon": "assets/icons/linkedin.svg",
          "url": "#"
        },
        {
          "icon": "assets/icons/twitter.svg",
          "url": "#"
        },
        {
          "icon": "assets/icons/telegram.svg",
          "url": "#"
        },
        {
          "icon": "assets/icons/drible.svg",
          "url": "#"
        }
      ],
      "status": {
        "label": "Closed",
        "theme": "danger"
      },
      "description": "Decentralized on demand martketing dApp",
      "url": "#",
      "swapRate": "1 BUSD = 35.8384 HAS",
      "cap": "90,834,834",
      "access": "Private",
      "progress": 100,
      "participants": "93,093"
    },
    {
      "name": "HASH POD",
      "socials": [
        {
          "icon": "assets/icons/linkedin.svg",
          "url": "#"
        },
        {
          "icon": "assets/icons/twitter.svg",
          "url": "#"
        },
        {
          "icon": "assets/icons/telegram.svg",
          "url": "#"
        },
        {
          "icon": "assets/icons/drible.svg",
          "url": "#"
        }
      ],
      "status": {
        "label": "Closed",
        "theme": "danger"
      },
      "description": "Decentralized on demand martketing dApp",
      "url": "#",
      "swapRate": "1 BUSD = 35.8384 HAS",
      "cap": "90,834,834",
      "access": "Private",
      "progress": 100,
      "participants": "93,093"
    },
    {
      "name": "HASH POD",
      "socials": [
        {
          "icon": "assets/icons/linkedin.svg",
          "url": "#"
        },
        {
          "icon": "assets/icons/twitter.svg",
          "url": "#"
        },
        {
          "icon": "assets/icons/telegram.svg",
          "url": "#"
        },
        {
          "icon": "assets/icons/drible.svg",
          "url": "#"
        }
      ],
      "status": {
        "label": "Closed",
        "theme": "danger"
      },
      "description": "Decentralized on demand martketing dApp",
      "url": "#",
      "swapRate": "1 BUSD = 35.8384 HAS",
      "cap": "90,834,834",
      "access": "Private",
      "progress": 100,
      "participants": "93,093"
    }
  ]
}
